{
  "format_version": "1.10.0",
  "minecraft:client_entity": {
    "description": {
      "identifier": "yz:vecna",
      "min_engine_version": "1.8.0",
      "materials": {
        "default": "pig"
      },
      "textures": {
        "default": "textures/entity/pamobile/yz_vecna",
        "saddled": "textures/entity/pamobile/yz_vecna"
      },
      "geometry": {
        "default": "geometry.yz_vecna"
      },
      "animations": {
        "setup": "animation.pig.setup",
        "walk": "animation.quadruped.walk",
        "look_at_target": "animation.common.look_at_target",
        "baby_transform": "animation.pig.baby_transform"
      },
      "scripts": {
        "animate": [
          "setup",
          {
            "walk": "query.modified_move_speed"
          },
          "look_at_target",
          {
            "baby_transform": "query.is_baby"
          }
        ]
      },
      "render_controllers": [
        "controller.render.pig"
      ],
      "spawn_egg": {
        "texture": "yz:vecna",
        "texture_index": 0
      }
    }
  }
}