{
  "format_version": "1.10.0",
  "animation_controllers": {
    "controller.animation.yz_eleven_power1": {
      "initial_state": "preshoot",
      "states": {
        "preshoot": {
          "transitions": [
            {
              "shoot": "q.get_equipped_item_name(0) == 'eleven_power1' && q.is_using_item"
            }
          ]
        },
        "shooting": {
          "on_entry": [
            "v.delaytime = q.life_time;"
          ],
          "transitions": [
            {
              "preshoot": "q.get_equipped_item_name(0) != 'eleven_power1' || !q.is_using_item"
            },
            {
              "shoot": "q.get_equipped_item_name(0) != 'eleven_power1' || !q.is_using_item"
            }
          ]
        },
        "shoot": {
          "on_entry": [
            "@s yz:eleven_power1_fire",
            "/playsound yz_eleven_power1_shot"
          ],
          "transitions": [
            {
              "shooting": "1.0"
            }
          ],
          "on_exit": [
            "v.bullet_fire = q.life_time;",
            "/clear @s yz:eleven_power1 0 1"
          ]
        }
      }
    }
  }
}