{
  "format_version": "1.12.0",
  "minecraft:geometry": [
    {
      "description": {
        "identifier": "geometry.yz_devorador_de_mentes",
        "texture_width": 256,
        "texture_height": 256,
        "visible_bounds_width": 6,
        "visible_bounds_height": 5.5,
        "visible_bounds_offset": [
          0,
          2.25,
          0
        ]
      },
      "bones": [
        {
          "name": "body",
          "cubes": [
            {
              "origin": [
                -8.0,
                27.0,
                -21.0
              ],
              "size": [
                16.0,
                16.0,
                43.0
              ],
              "uv": [
                0,
                0
              ],
              "inflate": 0
            },
            {
              "origin": [
                -6.0,
                18.0,
                23.0
              ],
              "size": [
                12.0,
                8.0,
                20.0
              ],
              "pivot": [
                0.0,
                35.0,
                37.5
              ],
              "rotation": [
                -57.5,
                0.0,
                0.0
              ],
              "uv": [
                64,
                59
              ],
              "inflate": 0
            },
            {
              "origin": [
                -8.0,
                35.0,
                -43.0
              ],
              "size": [
                16.0,
                16.0,
                16.0
              ],
              "uv": [
                0,
                59
              ],
              "inflate": 0
            },
            {
              "origin": [
                -5.0,
                54.0,
                -28.0
              ],
              "size": [
                10.0,
                19.0,
                9.0
              ],
              "pivot": [
                0.0,
                59.0,
                -35.0
              ],
              "rotation": [
                -40.0,
                0.0,
                0.0
              ],
              "uv": [
                109,
                50
              ],
              "inflate": 0
            },
            {
              "origin": [
                -6.0,
                36.0,
                -39.0
              ],
              "size": [
                12.0,
                11.0,
                19.0
              ],
              "pivot": [
                0.0,
                35.5,
                -30.5
              ],
              "rotation": [
                -27.5,
                0.0,
                0.0
              ],
              "uv": [
                75,
                0
              ],
              "inflate": 0
            }
          ]
        },
        {
          "name": "leg1",
          "pivot": [
            -8,
            34,
            -9
          ],
          "cubes": [
            {
              "origin": [
                -25.0,
                30.0,
                -13.0
              ],
              "size": [
                17.0,
                7.0,
                7.0
              ],
              "uv": [
                118,
                0
              ],
              "inflate": 0
            },
            {
              "origin": [
                -28.0,
                0.0,
                -13.0
              ],
              "size": [
                7.0,
                31.0,
                7.0
              ],
              "uv": [
                0,
                91
              ],
              "inflate": 0
            }
          ]
        },
        {
          "name": "leg3",
          "pivot": [
            -8,
            33,
            14
          ],
          "cubes": [
            {
              "origin": [
                -25.0,
                30.0,
                11.0
              ],
              "size": [
                17.0,
                7.0,
                7.0
              ],
              "uv": [
                113,
                115
              ],
              "inflate": 0
            },
            {
              "origin": [
                -28.0,
                0.0,
                11.0
              ],
              "size": [
                7.0,
                31.0,
                7.0
              ],
              "uv": [
                85,
                87
              ],
              "inflate": 0
            }
          ]
        },
        {
          "name": "leg2",
          "pivot": [
            8,
            34,
            15
          ],
          "cubes": [
            {
              "origin": [
                8.0,
                30.0,
                11.0
              ],
              "size": [
                17.0,
                7.0,
                7.0
              ],
              "uv": [
                113,
                101
              ],
              "inflate": 0
            },
            {
              "origin": [
                20.0,
                0.0,
                11.0
              ],
              "size": [
                7.0,
                31.0,
                7.0
              ],
              "uv": [
                57,
                87
              ],
              "inflate": 0
            }
          ]
        },
        {
          "name": "leg0",
          "pivot": [
            8,
            34,
            -8
          ],
          "cubes": [
            {
              "origin": [
                8.0,
                30.0,
                -13.0
              ],
              "size": [
                17.0,
                7.0,
                7.0
              ],
              "uv": [
                113,
                87
              ],
              "inflate": 0
            },
            {
              "origin": [
                20.0,
                0.0,
                -13.0
              ],
              "size": [
                7.0,
                31.0,
                7.0
              ],
              "uv": [
                0,
                0
              ],
              "inflate": 0
            }
          ]
        }
      ]
    }
  ]
}