{
  "format_version": "1.12.0",
  "minecraft:geometry": [
    {
      "description": {
        "identifier": "geometry.yz_demogorgon",
        "texture_width": 64,
        "texture_height": 64,
        "visible_bounds_width": 4,
        "visible_bounds_height": 4.5,
        "visible_bounds_offset": [
          0,
          1.75,
          0
        ]
      },
      "bones": [
        {
          "name": "leg3",
          "pivot": [
            -4,
            18,
            0
          ],
          "cubes": [
            {
              "origin": [
                -5.0,
                0.0,
                -2.0
              ],
              "size": [
                2.0,
                2.0,
                5.0
              ],
              "uv": [
                49,
                38
              ],
              "inflate": 0
            },
            {
              "origin": [
                -7.0,
                0.0,
                1.0
              ],
              "size": [
                6.0,
                2.0,
                2.0
              ],
              "uv": [
                10,
                34
              ],
              "inflate": 0
            },
            {
              "origin": [
                -5.0,
                2.0,
                1.0
              ],
              "size": [
                2.0,
                7.0,
                2.0
              ],
              "uv": [
                54,
                53
              ],
              "inflate": 0
            },
            {
              "origin": [
                -6.0,
                8.0,
                -2.0
              ],
              "size": [
                3.0,
                11.0,
                4.0
              ],
              "uv": [
                36,
                0
              ],
              "inflate": 0
            }
          ]
        },
        {
          "name": "leg2",
          "pivot": [
            4,
            18,
            0
          ],
          "cubes": [
            {
              "origin": [
                3.0,
                0.0,
                -2.0
              ],
              "size": [
                2.0,
                2.0,
                5.0
              ],
              "uv": [
                47,
                46
              ],
              "inflate": 0
            },
            {
              "origin": [
                1.0,
                0.0,
                1.0
              ],
              "size": [
                6.0,
                2.0,
                2.0
              ],
              "uv": [
                32,
                24
              ],
              "inflate": 0
            },
            {
              "origin": [
                3.0,
                2.0,
                1.0
              ],
              "size": [
                2.0,
                7.0,
                2.0
              ],
              "uv": [
                46,
                53
              ],
              "inflate": 0
            },
            {
              "origin": [
                3.0,
                8.0,
                -2.0
              ],
              "size": [
                3.0,
                11.0,
                4.0
              ],
              "uv": [
                0,
                34
              ],
              "inflate": 0
            }
          ]
        },
        {
          "name": "body",
          "pivot": [
            0,
            26,
            0
          ],
          "cubes": [
            {
              "origin": [
                -5.0,
                25.0,
                -4.0
              ],
              "size": [
                10.0,
                10.0,
                8.0
              ],
              "uv": [
                0,
                0
              ],
              "inflate": 0
            },
            {
              "origin": [
                -4.0,
                36.0,
                -5.0
              ],
              "size": [
                8.0,
                8.0,
                8.0
              ],
              "uv": [
                0,
                18
              ],
              "inflate": 0
            },
            {
              "origin": [
                3.0,
                37.0,
                -6.0
              ],
              "size": [
                7.0,
                6.0,
                1.0
              ],
              "uv": [
                14,
                43
              ],
              "inflate": 0
            },
            {
              "origin": [
                -10.0,
                37.0,
                -6.0
              ],
              "size": [
                7.0,
                6.0,
                1.0
              ],
              "uv": [
                40,
                15
              ],
              "inflate": 0
            },
            {
              "origin": [
                -3.0,
                43.0,
                -6.0
              ],
              "size": [
                6.0,
                7.0,
                1.0
              ],
              "uv": [
                8,
                50
              ],
              "inflate": 0
            },
            {
              "origin": [
                -3.0,
                30.0,
                -6.0
              ],
              "size": [
                6.0,
                7.0,
                1.0
              ],
              "uv": [
                50,
                0
              ],
              "inflate": 0
            },
            {
              "origin": [
                -3.0,
                35.0,
                -2.0
              ],
              "size": [
                6.0,
                2.0,
                4.0
              ],
              "uv": [
                24,
                18
              ],
              "inflate": 0
            },
            {
              "origin": [
                -4.0,
                16.0,
                -3.0
              ],
              "size": [
                8.0,
                9.0,
                6.0
              ],
              "uv": [
                26,
                28
              ],
              "inflate": 0
            }
          ]
        },
        {
          "name": "leg1",
          "pivot": [
            5,
            34,
            0
          ],
          "cubes": [
            {
              "origin": [
                5.0,
                31.0,
                -2.0
              ],
              "size": [
                3.0,
                4.0,
                4.0
              ],
              "uv": [
                48,
                22
              ],
              "inflate": 0
            },
            {
              "origin": [
                5.0,
                24.0,
                -1.0
              ],
              "size": [
                2.0,
                7.0,
                2.0
              ],
              "uv": [
                38,
                51
              ],
              "inflate": 0
            },
            {
              "origin": [
                5.0,
                14.0,
                -3.0
              ],
              "size": [
                2.0,
                12.0,
                2.0
              ],
              "pivot": [
                6.0,
                21.5,
                -2.0
              ],
              "rotation": [
                -27.5,
                0.0,
                0.0
              ],
              "uv": [
                0,
                49
              ],
              "inflate": 0
            },
            {
              "origin": [
                4.0,
                16.0,
                -3.0
              ],
              "size": [
                4.0,
                3.0,
                2.0
              ],
              "pivot": [
                6.0,
                21.5,
                -2.0
              ],
              "rotation": [
                -27.5,
                0.0,
                0.0
              ],
              "uv": [
                50,
                8
              ],
              "inflate": 0
            }
          ]
        },
        {
          "name": "leg0",
          "pivot": [
            -5,
            34,
            0
          ],
          "cubes": [
            {
              "origin": [
                -8.0,
                31.0,
                -2.0
              ],
              "size": [
                3.0,
                4.0,
                4.0
              ],
              "uv": [
                38,
                43
              ],
              "inflate": 0
            },
            {
              "origin": [
                -7.0,
                24.0,
                -1.0
              ],
              "size": [
                2.0,
                7.0,
                2.0
              ],
              "uv": [
                22,
                50
              ],
              "inflate": 0
            },
            {
              "origin": [
                -7.0,
                14.0,
                -3.0
              ],
              "size": [
                2.0,
                12.0,
                2.0
              ],
              "pivot": [
                -6.0,
                21.5,
                -2.0
              ],
              "rotation": [
                -27.5,
                0.0,
                0.0
              ],
              "uv": [
                30,
                43
              ],
              "inflate": 0
            },
            {
              "origin": [
                -8.0,
                16.0,
                -3.0
              ],
              "size": [
                4.0,
                3.0,
                2.0
              ],
              "pivot": [
                -6.0,
                21.5,
                -2.0
              ],
              "rotation": [
                -27.5,
                0.0,
                0.0
              ],
              "uv": [
                14,
                38
              ],
              "inflate": 0
            }
          ]
        }
      ]
    }
  ]
}