{
  "format_version": "1.12.0",
  "minecraft:geometry": [
    {
      "description": {
        "identifier": "geometry.yz_mindflayer",
        "texture_width": 512,
        "texture_height": 512,
        "visible_bounds_width": 16,
        "visible_bounds_height": 15,
        "visible_bounds_offset": [
          0,
          6.5,
          0
        ]
      },
      "bones": [
        {
          "name": "bone",
          "cubes": [
            {
              "origin": [
                -18.0,
                141.0,
                -32.0
              ],
              "size": [
                36.0,
                34.0,
                60.0
              ],
              "uv": [
                0,
                0
              ],
              "inflate": 0
            },
            {
              "origin": [
                -12.0,
                152.0,
                -47.0
              ],
              "size": [
                23.0,
                23.0,
                15.0
              ],
              "uv": [
                294,
                50
              ],
              "inflate": 0
            },
            {
              "origin": [
                -13.0,
                147.0,
                -66.0
              ],
              "size": [
                25.0,
                31.0,
                19.0
              ],
              "uv": [
                232,
                101
              ],
              "inflate": 0
            },
            {
              "origin": [
                -10.0,
                176.0,
                -51.0
              ],
              "size": [
                19.0,
                32.0,
                16.0
              ],
              "pivot": [
                -0.5,
                194.5,
                -55.0
              ],
              "rotation": [
                -37.5,
                0.0,
                0.0
              ],
              "uv": [
                188,
                294
              ],
              "inflate": 0
            },
            {
              "origin": [
                -14.0,
                138.0,
                21.0
              ],
              "size": [
                28.0,
                27.0,
                38.0
              ],
              "pivot": [
                0.0,
                157.5,
                47.0
              ],
              "rotation": [
                -22.5,
                0.0,
                0.0
              ],
              "uv": [
                0,
                94
              ],
              "inflate": 0
            },
            {
              "origin": [
                -10.0,
                121.97622,
                49.42029
              ],
              "size": [
                20.0,
                21.0,
                38.0
              ],
              "pivot": [
                0.0,
                140.47622,
                72.42029
              ],
              "rotation": [
                -50.0,
                0.0,
                0.0
              ],
              "uv": [
                194,
                185
              ],
              "inflate": 0
            },
            {
              "origin": [
                -6.0,
                99.78841,
                67.14671
              ],
              "size": [
                12.0,
                13.0,
                38.0
              ],
              "pivot": [
                0.0,
                109.28841,
                88.14671
              ],
              "rotation": [
                -62.5,
                0.0,
                0.0
              ],
              "uv": [
                232,
                50
              ],
              "inflate": 0
            },
            {
              "origin": [
                -3.0,
                101.78841,
                105.14671
              ],
              "size": [
                7.0,
                9.0,
                19.0
              ],
              "pivot": [
                0.0,
                109.28841,
                88.14671
              ],
              "rotation": [
                -62.5,
                0.0,
                0.0
              ],
              "uv": [
                0,
                0
              ],
              "inflate": 0
            }
          ]
        },
        {
          "name": "bone2",
          "pivot": [
            0,
            0,
            -8
          ],
          "cubes": [
            {
              "origin": [
                18.0,
                152.0,
                -30.0
              ],
              "size": [
                43.0,
                13.0,
                12.0
              ],
              "uv": [
                288,
                25
              ],
              "inflate": 0
            },
            {
              "origin": [
                69.0,
                1.0,
                -30.0
              ],
              "size": [
                13.0,
                129.0,
                12.0
              ],
              "uv": [
                182,
                82
              ],
              "inflate": 0
            },
            {
              "origin": [
                70.0,
                9.0,
                -30.0
              ],
              "size": [
                13.0,
                67.0,
                12.0
              ],
              "pivot": [
                100.5,
                67.0,
                -24.0
              ],
              "rotation": [
                0.0,
                0.0,
                -22.5
              ],
              "uv": [
                138,
                294
              ],
              "inflate": 0
            },
            {
              "origin": [
                65.0,
                130.0,
                -30.0
              ],
              "size": [
                43.0,
                13.0,
                12.0
              ],
              "pivot": [
                82.5,
                158.5,
                -24.0
              ],
              "rotation": [
                0.0,
                0.0,
                57.5
              ],
              "uv": [
                288,
                0
              ],
              "inflate": 0
            }
          ]
        },
        {
          "name": "bone3",
          "pivot": [
            0,
            0,
            38
          ],
          "cubes": [
            {
              "origin": [
                18.0,
                152.0,
                16.0
              ],
              "size": [
                43.0,
                13.0,
                12.0
              ],
              "uv": [
                272,
                176
              ],
              "inflate": 0
            },
            {
              "origin": [
                69.0,
                1.0,
                16.0
              ],
              "size": [
                13.0,
                129.0,
                12.0
              ],
              "uv": [
                50,
                159
              ],
              "inflate": 0
            },
            {
              "origin": [
                70.0,
                9.0,
                16.0
              ],
              "size": [
                13.0,
                67.0,
                12.0
              ],
              "pivot": [
                100.5,
                67.0,
                22.0
              ],
              "rotation": [
                0.0,
                0.0,
                -22.5
              ],
              "uv": [
                88,
                294
              ],
              "inflate": 0
            },
            {
              "origin": [
                65.0,
                130.0,
                16.0
              ],
              "size": [
                43.0,
                13.0,
                12.0
              ],
              "pivot": [
                82.5,
                158.5,
                22.0
              ],
              "rotation": [
                0.0,
                0.0,
                57.5
              ],
              "uv": [
                210,
                269
              ],
              "inflate": 0
            }
          ]
        },
        {
          "name": "bone4",
          "cubes": [
            {
              "origin": [
                -61.0,
                152.0,
                -30.0
              ],
              "size": [
                43.0,
                13.0,
                12.0
              ],
              "uv": [
                100,
                269
              ],
              "inflate": 0
            },
            {
              "origin": [
                -105.0,
                135.0,
                -30.0
              ],
              "size": [
                43.0,
                13.0,
                12.0
              ],
              "pivot": [
                -82.5,
                158.5,
                -24.0
              ],
              "rotation": [
                0.0,
                0.0,
                -45.0
              ],
              "uv": [
                210,
                244
              ],
              "inflate": 0
            },
            {
              "origin": [
                -119.74874,
                13.11418,
                -30.0
              ],
              "size": [
                66.0,
                13.0,
                12.0
              ],
              "pivot": [
                -107.24874,
                20.61418,
                -24.0
              ],
              "rotation": [
                0.0,
                0.0,
                -65.0
              ],
              "uv": [
                132,
                25
              ],
              "inflate": 0
            },
            {
              "origin": [
                -91.0,
                6.0,
                -30.0
              ],
              "size": [
                13.0,
                129.0,
                12.0
              ],
              "uv": [
                0,
                159
              ],
              "inflate": 0
            }
          ]
        },
        {
          "name": "bone5",
          "pivot": [
            0,
            0,
            46
          ],
          "cubes": [
            {
              "origin": [
                -61.0,
                152.0,
                16.0
              ],
              "size": [
                43.0,
                13.0,
                12.0
              ],
              "uv": [
                100,
                244
              ],
              "inflate": 0
            },
            {
              "origin": [
                -105.0,
                135.0,
                16.0
              ],
              "size": [
                43.0,
                13.0,
                12.0
              ],
              "pivot": [
                -82.5,
                158.5,
                22.0
              ],
              "rotation": [
                0.0,
                0.0,
                -45.0
              ],
              "uv": [
                232,
                151
              ],
              "inflate": 0
            },
            {
              "origin": [
                -119.74874,
                13.11418,
                16.0
              ],
              "size": [
                66.0,
                13.0,
                12.0
              ],
              "pivot": [
                -107.24874,
                20.61418,
                22.0
              ],
              "rotation": [
                0.0,
                0.0,
                -65.0
              ],
              "uv": [
                132,
                0
              ],
              "inflate": 0
            },
            {
              "origin": [
                -91.0,
                6.0,
                16.0
              ],
              "size": [
                13.0,
                129.0,
                12.0
              ],
              "uv": [
                132,
                94
              ],
              "inflate": 0
            }
          ]
        }
      ]
    }
  ]
}