{
  "format_version": "1.12.0",
  "minecraft:geometry": [
    {
      "description": {
        "identifier": "geometry.yz_vecna",
        "texture_width": 64,
        "texture_height": 64,
        "visible_bounds_width": 2,
        "visible_bounds_height": 3.5,
        "visible_bounds_offset": [
          0,
          1.25,
          0
        ]
      },
      "bones": [
        {
          "name": "leg1",
          "pivot": [
            0,
            12,
            0
          ],
          "cubes": [
            {
              "origin": [
                -4.0,
                0.0,
                -2.0
              ],
              "size": [
                4.0,
                12.0,
                4.0
              ],
              "uv": [
                0,
                32
              ],
              "inflate": 0
            }
          ]
        },
        {
          "name": "leg0",
          "pivot": [
            0,
            12,
            0
          ],
          "cubes": [
            {
              "origin": [
                0.0,
                0.0,
                -2.0
              ],
              "size": [
                4.0,
                12.0,
                4.0
              ],
              "uv": [
                24,
                16
              ],
              "inflate": 0
            }
          ]
        },
        {
          "name": "body",
          "pivot": [
            0,
            12,
            0
          ],
          "cubes": [
            {
              "origin": [
                -4.0,
                12.0,
                -2.0
              ],
              "size": [
                8.0,
                12.0,
                4.0
              ],
              "uv": [
                0,
                16
              ],
              "inflate": 0
            },
            {
              "origin": [
                -4.0,
                24.0,
                -4.0
              ],
              "size": [
                8.0,
                8.0,
                8.0
              ],
              "uv": [
                0,
                0
              ],
              "inflate": 0
            }
          ]
        },
        {
          "name": "leg2",
          "pivot": [
            4,
            24,
            0
          ],
          "cubes": [
            {
              "origin": [
                4.0,
                13.0,
                -2.0
              ],
              "size": [
                4.0,
                11.0,
                4.0
              ],
              "uv": [
                16,
                32
              ],
              "inflate": 0
            },
            {
              "origin": [
                4.0,
                10.0,
                -2.0
              ],
              "size": [
                1.0,
                3.0,
                1.0
              ],
              "uv": [
                3,
                3
              ],
              "inflate": 0
            },
            {
              "origin": [
                7.0,
                9.0,
                -2.0
              ],
              "size": [
                1.0,
                4.0,
                4.0
              ],
              "uv": [
                38,
                28
              ],
              "inflate": 0
            }
          ]
        },
        {
          "name": "leg3",
          "pivot": [
            -4,
            24,
            0
          ],
          "cubes": [
            {
              "origin": [
                -8.0,
                13.0,
                -2.0
              ],
              "size": [
                4.0,
                11.0,
                4.0
              ],
              "uv": [
                32,
                0
              ],
              "inflate": 0
            },
            {
              "origin": [
                -8.0,
                9.0,
                -2.0
              ],
              "size": [
                1.0,
                4.0,
                4.0
              ],
              "uv": [
                32,
                32
              ],
              "inflate": 0
            },
            {
              "origin": [
                -5.0,
                10.0,
                -2.0
              ],
              "size": [
                1.0,
                3.0,
                1.0
              ],
              "uv": [
                0,
                0
              ],
              "inflate": 0
            }
          ]
        }
      ]
    }
  ]
}