{
  "resource_pack_name": "vanilla",
  "texture_name": "atlas.items",
  "texture_data": {
    "egg_camel": {
      "textures": "textures/items/egg_camel"
    },
    "egg_lion": {
      "textures": "textures/items/egg_lion"
    },
    "egg_penguin": {
      "textures": "textures/items/egg_penguin"
    },
    "egg_tiger": {
      "textures": "textures/items/egg_tiger"
    },
    "egg_elephant": {
      "textures": "textures/items/egg_elephant"
    },
    "egg_deer": {
      "textures": "textures/items/egg_deer"
    },
    "egg_panther": {
      "textures": "textures/items/egg_panther"
    },
    "egg_frog": {
      "textures": "textures/items/egg_frog"
    },
    "egg_crocodile": {
      "textures": "textures/items/egg_crocodile"
    },
    "egg_mouse": {
      "textures": "textures/items/egg_mouse"
    },
    "gallardo": {
      "textures": "textures/items/gallardo"
    },
    "bench": {
      "textures": "textures/items/bench"
    },
    "christmas_tree": {
      "textures": "textures/items/christmas_tree"
    },
    "tivi": {
      "textures": "textures/items/tivi"
    },
    "closet": {
      "textures": "textures/items/closet"
    },
    "laptop": {
      "textures": "textures/items/laptop"
    },
    "piano": {
      "textures": "textures/items/piano"
    },
    "armchairs": {
      "textures": "textures/items/armchairs"
    },
    "chair": {
      "textures": "textures/items/chair"
    },
    "big_table": {
      "textures": "textures/items/big_table"
    },
    "small_table": {
      "textures": "textures/items/small_table"
    },
    "drone": {
      "textures": "textures/items/drone"
    },
    "colorful_gifts": {
      "textures": "textures/items/colorful_gifts"
    },
    "pa:strawberryicecream": {
      "textures": "textures/items/pamobile/pa_strawberryicecream"
    },
    "pa:money": {
      "textures": "textures/items/pamobile/pa_money"
    },
    "pa:waffles": {
      "textures": "textures/items/pamobile/pa_waffles"
    },
    "pa:chocolateicecream": {
      "textures": "textures/items/pamobile/pa_chocolateicecream"
    },
    "pa_cajado": {
      "textures": "textures/items/pamobile/pa_cajado"
    },
    "pa:eggoswaffles": {
      "textures": "textures/items/pamobile/pa_eggoswaffles"
    },
    "pa_stevesbat": {
      "textures": "textures/items/pamobile/pa_stevesbat"
    },
    "pa:vanillaicecream": {
      "textures": "textures/items/pamobile/pa_vanillaicecream"
    },
    "pa:dandd": {
      "textures": "textures/items/pamobile/pa_dandd"
    },
    "pa:mindflayer": {
      "textures": "textures/items/pamobile/pa_mindflayer"
    },
    "pa:newcoke": {
      "textures": "textures/items/pamobile/pa_newcoke"
    },
    "pa:walkietalkie": {
      "textures": "textures/items/pamobile/pa_walkietalkie"
    },
    "pa:chocolatechipsicecream": {
      "textures": "textures/items/pamobile/pa_chocolatechipsicecream"
    },
    "pa:icecream": {
      "textures": "textures/items/pamobile/pa_icecream"
    },
    "pa:caramelicecream": {
      "textures": "textures/items/pamobile/pa_caramelicecream"
    },
    "pa:camera": {
      "textures": "textures/items/pamobile/pa_camera"
    },
    "pa:slurpeecherry": {
      "textures": "textures/items/pamobile/pa_slurpeecherry"
    },
    "pa:xmen134": {
      "textures": "textures/items/pamobile/pa_xmen134"
    },
    "pa:bananasplit": {
      "textures": "textures/items/pamobile/pa_bananasplit"
    },
    "pa:milkshake": {
      "textures": "textures/items/pamobile/pa_milkshake"
    },
    "pa:dart": {
      "textures": "textures/items/pamobile/pa_dart"
    },
    "pa:item3": {
      "textures": "textures/items/pamobile/pa_item3"
    },
    "pa:item4": {
      "textures": "textures/items/pamobile/pa_item4"
    },
    "pa:item1": {
      "textures": "textures/items/pamobile/pa_item1"
    },
    "pa:item5": {
      "textures": "textures/items/pamobile/pa_item5"
    },
    "pa:item8": {
      "textures": "textures/items/pamobile/pa_item8"
    },
    "pa:item7": {
      "textures": "textures/items/pamobile/pa_item7"
    },
    "pa:item10": {
      "textures": "textures/items/pamobile/pa_item10"
    },
    "pa:item12": {
      "textures": "textures/items/pamobile/pa_item12"
    },
    "pa:item6": {
      "textures": "textures/items/pamobile/pa_item6"
    },
    "pa:item11": {
      "textures": "textures/items/pamobile/pa_item11"
    },
    "pa:item14": {
      "textures": "textures/items/pamobile/pa_item14"
    },
    "pa:item15": {
      "textures": "textures/items/pamobile/pa_item15"
    },
    "pa:item18": {
      "textures": "textures/items/pamobile/pa_item18"
    },
    "pa:item9": {
      "textures": "textures/items/pamobile/pa_item9"
    },
    "pa:item26": {
      "textures": "textures/items/pamobile/pa_item26"
    },
    "pa:item28": {
      "textures": "textures/items/pamobile/pa_item28"
    },
    "pa:item25": {
      "textures": "textures/items/pamobile/pa_item25"
    },
    "pa:item19": {
      "textures": "textures/items/pamobile/pa_item19"
    },
    "pa:item30": {
      "textures": "textures/items/pamobile/pa_item30"
    },
    "pa:item22": {
      "textures": "textures/items/pamobile/pa_item22"
    },
    "pa:item27": {
      "textures": "textures/items/pamobile/pa_item27"
    },
    "pa:item29": {
      "textures": "textures/items/pamobile/pa_item29"
    }
  }
}