{
  "format_version": "1.13.0",
  "minecraft:biome": {
    "description": {
      "identifier": "upsidedown"
    },
    "components": {
      "minecraft:climate": {
        "downfall": 0.0,
        "snow_accumulation": [
          0.0,
          0.27
        ],
        "temperature": 2.0,
        "blue_spores": 50,
        "red_spores": 0,
        "white_ash": 0,
        "ash": 35
      },
      "minecraft:overworld_height": {
        "noise_params": [
          -1.0,
          1.0
        ]
      },
      "animal": {},
      "monster": {},
      "overworld": {},
      "upsidedown": {},
      "minecraft:overworld_surface": {
        "top_material": "minecraft:warped_nylium",
        "mid_material": "minecraft:dirt",
        "foundation_material": "minecraft:stone",
        "floor_material": "minecraft:warped_nylium",
        "floor_depth": 1
      },
      "minecraft:world_generation_rules": {
        "hills_transformation": "cold_taiga_hills",
        "generate_for_climates": [
          [
            "cold",
            10
          ],
          [
            "medium",
            30
          ],
          [
            "frozen",
            3
          ]
        ]
      }
    }
  }
}