{
  "geometry.elytra": {
    "texturewidth": 64,
    "textureheight": 32,
    "bones": [
      {
        "name": "body",
        "pivot": [
          0.0,
          24.0,
          0.0
        ]
      },
      {
        "name": "left_wing",
        "pivot": [
          0.0,
          24.0,
          0.0
        ],
        "cubes": [
          {
            "origin": [
              -10.0,
              0.0,
              0.0
            ],
            "size": [
              10.0,
              20.0,
              2.0
            ],
            "uv": [
              22,
              0
            ],
            "inflate": 0
          }
        ],
        "parent": "body"
      },
      {
        "name": "right_wing",
        "pivot": [
          0.0,
          24.0,
          0.0
        ],
        "cubes": [
          {
            "origin": [
              0.0,
              0.0,
              0.0
            ],
            "size": [
              10.0,
              20.0,
              2.0
            ],
            "uv": [
              22,
              0
            ],
            "inflate": 0
          }
        ],
        "parent": "body",
        "mirror": true
      }
    ]
  }
}