{
  "tiers": [
    {
      "trades": [
        {
          "wants": [
            {
              "item": "pa:money",
              "quantity": 8
            }
          ],
          "gives": [
            {
              "item": "pa:icecream",
              "quantity": 1
            }
          ]
        }
      ]
    },
    {
      "trades": [
        {
          "wants": [
            {
              "item": "pa:money",
              "quantity": 8
            }
          ],
          "gives": [
            {
              "item": "pa:caramelicecream",
              "quantity": 1
            }
          ]
        }
      ]
    },
    {
      "trades": [
        {
          "wants": [
            {
              "item": "pa:money",
              "quantity": 8
            }
          ],
          "gives": [
            {
              "item": "pa:chocolatechipsicecream",
              "quantity": 1
            }
          ]
        }
      ]
    }
  ]
}