{
  "tiers": [
    {
      "trades": [
        {
          "wants": [
            {
              "item": "pa:money",
              "quantity": 9
            }
          ],
          "gives": [
            {
              "item": "pa:chocolateicecream",
              "quantity": 1
            }
          ]
        }
      ]
    },
    {
      "trades": [
        {
          "wants": [
            {
              "item": "pa:money",
              "quantity": 9
            }
          ],
          "gives": [
            {
              "item": "pa:strawberryicecream",
              "quantity": 1
            }
          ]
        }
      ]
    },
    {
      "trades": [
        {
          "wants": [
            {
              "item": "pa:money",
              "quantity": 9
            }
          ],
          "gives": [
            {
              "item": "pa:vanillaicecream",
              "quantity": 1
            }
          ]
        }
      ]
    }
  ]
}