{
  "format_version": "1.12",
  "minecraft:recipe_shaped": {
    "description": {
      "identifier": "money_21011906"
    },
    "tags": [
      "crafting_table"
    ],
    "pattern": [
      "ABA",
      "CCC",
      "ABA"
    ],
    "key": {
      "A": {
        "item": "minecraft:dye",
        "data": 10
      },
      "B": {
        "item": "minecraft:dye",
        "data": 2
      },
      "C": {
        "item": "minecraft:paper",
        "data": 0
      }
    },
    "result": {
      "item": "pa:money",
      "count": 1
    }
  }
}